<?xml version='1.0' encoding='UTF-8'?>
<faces-config version="2.2"
              xmlns="http://xmlns.jcp.org/xml/ns/javaee"
              xmlns:xsi="http://www.w3.org/2001/XMLSchema-instance"
              xsi:schemaLocation="http://xmlns.jcp.org/xml/ns/javaee http://xmlns.jcp.org/xml/ns/javaee/web-facesconfig_2_2.xsd">
    <managed-bean>
        <managed-bean-name>util</managed-bean-name>
        <managed-bean-class>com.beans.Util</managed-bean-class>
        <managed-bean-scope>session</managed-bean-scope>
    </managed-bean>
    <managed-bean>
        <managed-bean-name>user</managed-bean-name>
        <managed-bean-class>com.beans.User</managed-bean-class>
        <managed-bean-scope>session</managed-bean-scope>
    </managed-bean>    
    <managed-bean>
        <managed-bean-name>admin</managed-bean-name>
        <managed-bean-class>com.beans.Admin</managed-bean-class>
        <managed-bean-scope>session</managed-bean-scope>
    </managed-bean>
    <managed-bean>
        <managed-bean-name>customerBean</managed-bean-name>
        <managed-bean-class>com.beans.CustomerBean</managed-bean-class>
        <managed-bean-scope>session</managed-bean-scope>
    </managed-bean>
    <managed-bean>
        <managed-bean-name>cart</managed-bean-name>
        <managed-bean-class>com.beans.Cart</managed-bean-class>
        <managed-bean-scope>session</managed-bean-scope>
    </managed-bean>
  <context-param>
    <param-name>javax.faces.INTERPRET_EMPTY_STRING_SUBMITTED_VALUES_AS_NULL</param-name>
    <param-value>true</param-value>
</context-param>
</faces-config>
